Temperature [K],Voltage [V],Resistance [ğ›€],Current Source [A],Electric Field [V/cm],Restivity [ğ›€ cm],Current Density [A/cm2]
79.97172180317651,29.876684030000007,9958894.67666667,3e-06,1257.436196548822,20148319.322700623,6.240898689411275e-05
