Temperature [K],Voltage [V],Resistance [ğ›€],Current Source [A],Electric Field [V/cm],Restivity [ğ›€ cm],Current Density [A/cm2]
80.34306650507808,99.18936978000002,9918936.978000002,1e-05,4174.636775252527,20067478.978638895,0.0002080299563137092
