Temperature [K],Voltage [V],Resistance [ğ›€],Current Source [A],Electric Field [V/cm],Restivity [ğ›€ cm],Current Density [A/cm2]
79.88313017623155,19.968346184999994,9984173.092499997,2e-06,840.4186104797977,20199461.30288194,4.160599126274183e-05
